{"2": [-3.262726000000001, 16.514845784880304, 7.304902962679554, -3.1672847401645537e-16, 1.0171498097134326, -1.5707963267948972], "0": [2.999994000000004, 10.404398942777902, 0.21286057452175022, -0.5370399692573166, 0.0, 0.0], "3": [2.9904340000000054, 28.497623906561728, -1.8481565783697542, -2.0530777750838057e-16, -0.624696768900801, 1.570796326794897], "1": [-3.7524065896847785, 27.062308239652232, -3.422194224602289, -0.00027918538662435286, 0.12829301595043252, 1.5686141949208157], "4": [-3.7697201641879468, 24.24354767145298, -2.398663230671462, -0.00027918538662432483, 0.1282930159504323, 1.5686141949208159]}