{"0": [-5.044301045004377, 17.13825408304055, 0.26704864950981033, -0.5482640866158737, 0.0, -1.5707963267948966], "3": [4.317268603059023, 23.14781408304055, 2.3104173583138956, 9.994717902229671e-17, -1.137700672894856, 4.408048040993916e-17], "2": [-4.974447988517999, 29.14781408304055, 7.3884581823103135, 0.0, 1.037345193314727, 0.0], "1": [-4.629477050690482, 38.05436384825744, -3.252897769563943, -0.24473874255869832, 0.13830645800834307, 2.075194151494373], "4": [4.205482646936031, 30.999616881086304, -3.2780290652635733, -0.34748702248252406, -0.19508302043926684, 1.079370762090429]}